Concept 1,Concept 2,Concept 3,Concept 4,Concept 5,Concept 6,Related Terms
Safety and security,,,,,,
Safety and security,Crashes,,,,,Disasters; Emergencies
Safety and security,Crashes,Crash analysis,,,,
Safety and security,Crashes,Crash causes,,,,
Safety and security,Crashes,Crash causes,Human factors in crashes,,,
Safety and security,Crashes,Crash causes,Human factors in crashes,Driver errors,,
Safety and security,Crashes,Crash causes,Human factors in crashes,Driver errors,Loss of control,
Safety and security,Crashes,Crash causes,Human factors in crashes,Driver errors,Oversteer,
Safety and security,Crashes,Crash causes,Human factors in crashes,Driver errors,Speeding,
Safety and security,Crashes,Crash causes,Human factors in crashes,Driver experience,,
Safety and security,Crashes,Crash causes,Human factors in crashes,Sleep deprivation,,Sleep
Safety and security,Crashes,Crash causes,Vehicle factors in crashes,,,
Safety and security,Hazards and emergency operations,,,,,
Safety and security,Hazards and emergency operations,Disasters and emergency operations,,,,
Safety and security,Hazards and emergency operations,Disasters and emergency operations,Disasters,,,Crashes
Safety and security,Hazards and emergency operations,Disasters and emergency operations,Emergencies,,,Crashes
Safety and security,Hazards and emergency operations,Warning systems,,,,
Safety and security,Hazards and emergency operations,Radiation hazards,,,,
Safety and security,Hazards and emergency operations,Radiation hazards,Radiation shielding,,,
Persons and personal characteristics,,,,,,
Persons and personal characteristics,Human characteristics,,,,,
Persons and personal characteristics,Human characteristics,Physical Condition ,,,,
Persons and personal characteristics,Human characteristics,Physical Condition ,Sleep,,,Sleep deprivation
Persons and personal characteristics,Human characteristics,Age,,,,
Persons and personal characteristics,Human characteristics,Bodily fluids,,,,
Persons and personal characteristics,Human characteristics,Bodily fluids,Blood,,,
Persons and personal characteristics,Human characteristics,Bodily fluids,Saliva,,,
Persons and personal characteristics,Human characteristics,Bodily fluids,Urine,,,
